crash_date,crash_time,borough,zip_code,latitude,longitude,location,on_street_name,off_street_name,number_of_persons_injured,number_of_persons_killed,number_of_pedestrians_injured,number_of_pedestrians_killed,number_of_cyclist_injured,number_of_cyclist_killed,number_of_motorist_injured,number_of_motorist_killed,contributing_factor_vehicle_1,contributing_factor_vehicle_2,collision_id,vehicle_type_code1,vehicle_type_code2
2026-03-17T00:00:00.000,12:40,MANHATTAN,10012,40.724552,-74.00193,"{'latitude': '40.724552', 'longitude': '-74.00193', 'human_address': '{""address"": """", ""city"": """", ""state"": """", ""zip"": """"}'}",SPRING ST,W BROADWAY,0,0,0,0,0,0,0,0,Oversized Vehicle,Unspecified,4885755,Sedan,Flat Rack
2026-03-16T00:00:00.000,15:39,MANHATTAN,10012,40.720646,-73.99414,"{'latitude': '40.720646', 'longitude': '-73.99414', 'human_address': '{""address"": """", ""city"": """", ""state"": """", ""zip"": """"}'}",,,0,0,0,0,0,0,0,0,Unspecified,Unspecified,4886085,Pick-up Truck,Bike
2026-03-16T00:00:00.000,23:40,MANHATTAN,10012,40.722477,-73.99524,"{'latitude': '40.722477', 'longitude': '-73.99524', 'human_address': '{""address"": """", ""city"": """", ""state"": """", ""zip"": """"}'}",,,0,0,0,0,0,0,0,0,Unspecified,Unspecified,4886049,Station Wagon/Sport Utility Vehicle,Tow Truck
2026-03-15T00:00:00.000,1:35,MANHATTAN,10013,40.721745,-74.005226,"{'latitude': '40.721745', 'longitude': '-74.005226', 'human_address': '{""address"": """", ""city"": """", ""state"": """", ""zip"": """"}'}",LAIGHT ST,CANAL ST,0,0,0,0,0,0,0,0,Driver Inattention/Distraction,Unspecified,4885429,Station Wagon/Sport Utility Vehicle,Sedan
2026-03-14T00:00:00.000,18:00,MANHATTAN,10002,40.722073,-73.99313,"{'latitude': '40.722073', 'longitude': '-73.99313', 'human_address': '{""address"": """", ""city"": """", ""state"": """", ""zip"": """"}'}",,,0,0,0,0,0,0,0,0,Driver Inattention/Distraction,Driver Inattention/Distraction,4885135,Taxi,
2026-03-13T00:00:00.000,10:30,MANHATTAN,10013,40.726437,-74.00565,"{'latitude': '40.726437', 'longitude': '-74.00565', 'human_address': '{""address"": """", ""city"": """", ""state"": """", ""zip"": """"}'}",VARICK ST,VANDAM ST,1,0,0,0,1,0,0,0,Other Vehicular,Unspecified,4885287,Sedan,Bike
2026-03-13T00:00:00.000,17:20,MANHATTAN,10012,40.72308,-73.99665,"{'latitude': '40.72308', 'longitude': '-73.99665', 'human_address': '{""address"": """", ""city"": """", ""state"": """", ""zip"": """"}'}",,,1,0,0,0,1,0,0,0,Unspecified,Unspecified,4885136,Taxi,Bike
2026-03-13T00:00:00.000,8:25,MANHATTAN,10013,40.720417,-74.00747,"{'latitude': '40.720417', 'longitude': '-74.00747', 'human_address': '{""address"": """", ""city"": """", ""state"": """", ""zip"": """"}'}",,,0,0,0,0,0,0,0,0,Unspecified,Unspecified,4885970,Station Wagon/Sport Utility Vehicle,
2026-03-13T00:00:00.000,19:00,MANHATTAN,10013,40.719326,-73.9973,"{'latitude': '40.719326', 'longitude': '-73.9973', 'human_address': '{""address"": """", ""city"": """", ""state"": """", ""zip"": """"}'}",GRAND ST,MULBERRY ST,1,0,1,0,0,0,0,0,Passenger Distraction,,4885472,,
2026-03-12T00:00:00.000,15:00,MANHATTAN,10002,40.718494,-73.99266,"{'latitude': '40.718494', 'longitude': '-73.99266', 'human_address': '{""address"": """", ""city"": """", ""state"": """", ""zip"": """"}'}",,,0,0,0,0,0,0,0,0,Unspecified,,4885827,Station Wagon/Sport Utility Vehicle,
2026-03-12T00:00:00.000,21:30,MANHATTAN,10012,40.724136,-73.99261,"{'latitude': '40.724136', 'longitude': '-73.99261', 'human_address': '{""address"": """", ""city"": """", ""state"": """", ""zip"": """"}'}",E HOUSTON ST,BOWERY,0,0,0,0,0,0,0,0,Driver Inexperience,Unspecified,4885140,Station Wagon/Sport Utility Vehicle,Station Wagon/Sport Utility Vehicle
2026-03-11T00:00:00.000,18:01,MANHATTAN,10012,40.723007,-74.00092,"{'latitude': '40.723007', 'longitude': '-74.00092', 'human_address': '{""address"": """", ""city"": """", ""state"": """", ""zip"": """"}'}",,,1,0,0,0,0,0,1,0,Failure to Yield Right-of-Way,Unspecified,4885280,Van Camper,Sedan
2026-03-11T00:00:00.000,0:00,MANHATTAN,10013,40.72135,-74.00464,"{'latitude': '40.72135', 'longitude': '-74.00464', 'human_address': '{""address"": """", ""city"": """", ""state"": """", ""zip"": """"}'}",CANAL ST,W BROADWAY,0,0,0,0,0,0,0,0,Passing or Lane Usage Improper,Unspecified,4885282,Station Wagon/Sport Utility Vehicle,Tractor Truck Diesel
2026-03-10T00:00:00.000,15:30,MANHATTAN,10013,40.719906,-74.0026,"{'latitude': '40.719906', 'longitude': '-74.0026', 'human_address': '{""address"": """", ""city"": """", ""state"": """", ""zip"": """"}'}",CANAL ST,MERCER ST,0,0,0,0,0,0,0,0,Driver Inexperience,Unspecified,4885347,Van,Sedan
2026-03-10T00:00:00.000,0:01,MANHATTAN,10012,40.722507,-73.99594,"{'latitude': '40.722507', 'longitude': '-73.99594', 'human_address': '{""address"": """", ""city"": """", ""state"": """", ""zip"": """"}'}",,,0,0,0,0,0,0,0,0,Unspecified,Unspecified,4884219,Sedan,
2026-03-10T00:00:00.000,12:30,MANHATTAN,10012,40.72032,-73.99404,"{'latitude': '40.72032', 'longitude': '-73.99404', 'human_address': '{""address"": """", ""city"": """", ""state"": """", ""zip"": """"}'}",DELANCEY ST,BOWERY,0,0,0,0,0,0,0,0,Driver Inexperience,,4884513,Sedan,
2026-03-10T00:00:00.000,19:00,MANHATTAN,10012,40.721577,-73.99776,"{'latitude': '40.721577', 'longitude': '-73.99776', 'human_address': '{""address"": """", ""city"": """", ""state"": """", ""zip"": """"}'}",LAFAYETTE ST,KENMARE ST,0,0,0,0,0,0,0,0,Driver Inattention/Distraction,Unspecified,4884506,Sedan,
2026-03-09T00:00:00.000,16:35,,,40.7237,-74.00791,"{'latitude': '40.7237', 'longitude': '-74.00791', 'human_address': '{""address"": """", ""city"": """", ""state"": """", ""zip"": """"}'}",CANAL ST,HUDSON ST,1,0,1,0,0,0,0,0,Driver Inattention/Distraction,,4884254,Station Wagon/Sport Utility Vehicle,
2026-03-08T00:00:00.000,23:09,MANHATTAN,10002,40.717922,-73.993095,"{'latitude': '40.717922', 'longitude': '-73.993095', 'human_address': '{""address"": """", ""city"": """", ""state"": """", ""zip"": """"}'}",GRAND ST,FORSYTH ST,0,0,0,0,0,0,0,0,Driver Inexperience,,4884046,Taxi,
2026-03-08T00:00:00.000,19:10,MANHATTAN,10013,40.71843,-74.000534,"{'latitude': '40.71843', 'longitude': '-74.000534', 'human_address': '{""address"": """", ""city"": """", ""state"": """", ""zip"": """"}'}",CANAL ST,LAFAYETTE ST,0,0,0,0,0,0,0,0,Passing Too Closely,,4884218,Sedan,
2026-03-07T00:00:00.000,15:40,MANHATTAN,10013,40.719906,-74.0026,"{'latitude': '40.719906', 'longitude': '-74.0026', 'human_address': '{""address"": """", ""city"": """", ""state"": """", ""zip"": """"}'}",CANAL ST,MERCER ST,0,0,0,0,0,0,0,0,Unspecified,,4883871,Sedan,
2026-03-06T00:00:00.000,21:40,,,40.7237,-74.00791,"{'latitude': '40.7237', 'longitude': '-74.00791', 'human_address': '{""address"": """", ""city"": """", ""state"": """", ""zip"": """"}'}",HUDSON ST,CANAL ST,0,0,0,0,0,0,0,0,Driver Inattention/Distraction,Unspecified,4883773,Station Wagon/Sport Utility Vehicle,Station Wagon/Sport Utility Vehicle
2026-03-06T00:00:00.000,7:12,MANHATTAN,10013,40.724403,-74.00604,"{'latitude': '40.724403', 'longitude': '-74.00604', 'human_address': '{""address"": """", ""city"": """", ""state"": """", ""zip"": """"}'}",BROOME ST,VARICK ST,0,0,0,0,0,0,0,0,Unspecified,,4883504,Sedan,Sedan
2026-03-06T00:00:00.000,17:05,,,40.725025,-74.0059,"{'latitude': '40.725025', 'longitude': '-74.0059', 'human_address': '{""address"": """", ""city"": """", ""state"": """", ""zip"": """"}'}",VARICK ST,,0,0,0,0,0,0,0,0,Driver Inattention/Distraction,Unspecified,4883772,Sedan,Pick-up Truck
2026-03-06T00:00:00.000,19:25,MANHATTAN,10012,40.72195,-73.99627,"{'latitude': '40.72195', 'longitude': '-73.99627', 'human_address': '{""address"": """", ""city"": """", ""state"": """", ""zip"": """"}'}",MULBERRY ST,SPRING ST,1,0,0,0,0,0,1,0,Unspecified,Unspecified,4884042,Taxi,FDNY Ambul
2026-03-06T00:00:00.000,12:15,MANHATTAN,10013,40.718018,-73.999954,"{'latitude': '40.718018', 'longitude': '-73.999954', 'human_address': '{""address"": """", ""city"": """", ""state"": """", ""zip"": """"}'}",CANAL ST,CENTRE ST,1,0,1,0,0,0,0,0,Failure to Yield Right-of-Way,,4884220,Station Wagon/Sport Utility Vehicle,
2026-03-05T00:00:00.000,13:35,MANHATTAN,10012,40.720894,-73.99575,"{'latitude': '40.720894', 'longitude': '-73.99575', 'human_address': '{""address"": """", ""city"": """", ""state"": """", ""zip"": """"}'}",KENMARE ST,MOTT ST,0,0,0,0,0,0,0,0,Unspecified,,4884512,Station Wagon/Sport Utility Vehicle,
2026-03-05T00:00:00.000,18:30,MANHATTAN,10002,40.71997,-73.9929,"{'latitude': '40.71997', 'longitude': '-73.9929', 'human_address': '{""address"": """", ""city"": """", ""state"": """", ""zip"": """"}'}",CHRYSTIE ST,DELANCEY ST,0,0,0,0,0,0,0,0,Glare,,4884043,Ambulance,
2026-03-05T00:00:00.000,14:15,MANHATTAN,10012,40.7214,-73.99545,"{'latitude': '40.7214', 'longitude': '-73.99545', 'human_address': '{""address"": """", ""city"": """", ""state"": """", ""zip"": """"}'}",,,0,0,0,0,0,0,0,0,Driver Inattention/Distraction,Unspecified,4883386,Sedan,Moped
2026-03-05T00:00:00.000,19:47,MANHATTAN,10014,40.727154,-74.00555,"{'latitude': '40.727154', 'longitude': '-74.00555', 'human_address': '{""address"": """", ""city"": """", ""state"": """", ""zip"": """"}'}",CHARLTON ST,VARICK ST,1,0,0,0,0,0,1,0,Reaction to Uninvolved Vehicle,Traffic Control Disregarded,4883934,Taxi,
2026-03-05T00:00:00.000,9:05,MANHATTAN,10013,40.722626,-74.00812,"{'latitude': '40.722626', 'longitude': '-74.00812', 'human_address': '{""address"": """", ""city"": """", ""state"": """", ""zip"": """"}'}",HUDSON ST,VESTRY ST,1,0,1,0,0,0,0,0,Traffic Control Disregarded,,4883490,Pick-up Truck,
2026-03-04T00:00:00.000,12:10,,,40.725792,-74.011024,"{'latitude': '40.725792', 'longitude': '-74.011024', 'human_address': '{""address"": """", ""city"": """", ""state"": """", ""zip"": """"}'}",WEST ST,CANAL ST,1,0,0,0,1,0,0,0,Traffic Control Disregarded,Unspecified,4883484,E-Bike,
2026-03-03T00:00:00.000,14:30,MANHATTAN,10013,40.72106,-73.9982,"{'latitude': '40.72106', 'longitude': '-73.9982', 'human_address': '{""address"": """", ""city"": """", ""state"": """", ""zip"": """"}'}",LAFAYETTE ST,BROOME ST,0,0,0,0,0,0,0,0,Driver Inattention/Distraction,Unspecified,4883384,Pick-up Truck,Sedan
2026-03-02T00:00:00.000,0:00,,,40.72197,-74.00823,"{'latitude': '40.72197', 'longitude': '-74.00823', 'human_address': '{""address"": """", ""city"": """", ""state"": """", ""zip"": """"}'}",HUDSON ST,,1,0,0,0,0,0,1,0,Traffic Control Disregarded,Unspecified,4882915,Sedan,Station Wagon/Sport Utility Vehicle
2026-03-01T00:00:00.000,10:25,,,40.72033,-74.0055,"{'latitude': '40.72033', 'longitude': '-74.0055', 'human_address': '{""address"": """", ""city"": """", ""state"": """", ""zip"": """"}'}",W BROADWAY,BEACH ST,0,0,0,0,0,0,0,0,Driver Inattention/Distraction,Unspecified,4882288,Sedan,Sedan
2026-03-01T00:00:00.000,13:00,MANHATTAN,10012,40.72236,-73.996,"{'latitude': '40.72236', 'longitude': '-73.996', 'human_address': '{""address"": """", ""city"": """", ""state"": """", ""zip"": """"}'}",,,0,0,0,0,0,0,0,0,Passing Too Closely,Unspecified,4882592,Sedan,Sedan
2026-02-27T00:00:00.000,17:40,,,40.725792,-74.011024,"{'latitude': '40.725792', 'longitude': '-74.011024', 'human_address': '{""address"": """", ""city"": """", ""state"": """", ""zip"": """"}'}",CANAL ST,WEST ST,1,0,1,0,0,0,0,0,Failure to Yield Right-of-Way,,4881841,Sedan,
2026-02-27T00:00:00.000,16:17,,,40.725246,-74.010056,"{'latitude': '40.725246', 'longitude': '-74.010056', 'human_address': '{""address"": """", ""city"": """", ""state"": """", ""zip"": """"}'}",CANAL ST,WASHINGTON ST,0,0,0,0,0,0,0,0,Passing or Lane Usage Improper,Unspecified,4882311,Bus,Bus
2026-02-24T00:00:00.000,23:00,MANHATTAN,10012,40.721775,-73.9956,"{'latitude': '40.721775', 'longitude': '-73.9956', 'human_address': '{""address"": """", ""city"": """", ""state"": """", ""zip"": """"}'}",,,0,0,0,0,0,0,0,0,Turning Improperly,Unspecified,4882594,Station Wagon/Sport Utility Vehicle,Flat Bed
2026-02-24T00:00:00.000,10:00,MANHATTAN,10012,40.72438,-73.9975,"{'latitude': '40.72438', 'longitude': '-73.9975', 'human_address': '{""address"": """", ""city"": """", ""state"": """", ""zip"": """"}'}",,,1,0,0,0,0,0,1,0,Failure to Yield Right-of-Way,Driver Inattention/Distraction,4881102,Box Truck,Station Wagon/Sport Utility Vehicle
2026-02-22T00:00:00.000,1:16,MANHATTAN,10012,40.724136,-73.99261,"{'latitude': '40.724136', 'longitude': '-73.99261', 'human_address': '{""address"": """", ""city"": """", ""state"": """", ""zip"": """"}'}",BOWERY,E HOUSTON ST,1,0,1,0,0,0,0,0,Pedestrian/Bicyclist/Other Pedestrian Error/Confusion,,4880487,Station Wagon/Sport Utility Vehicle,
2026-02-21T00:00:00.000,22:45,MANHATTAN,10002,40.71997,-73.9929,"{'latitude': '40.71997', 'longitude': '-73.9929', 'human_address': '{""address"": """", ""city"": """", ""state"": """", ""zip"": """"}'}",DELANCEY ST,CHRYSTIE ST,1,0,0,0,0,0,1,0,Unspecified,Unspecified,4880522,Station Wagon/Sport Utility Vehicle,Sedan
2026-02-21T00:00:00.000,12:39,MANHATTAN,10014,40.726254,-74.010315,"{'latitude': '40.726254', 'longitude': '-74.010315', 'human_address': '{""address"": """", ""city"": """", ""state"": """", ""zip"": """"}'}",,,1,0,0,0,0,0,1,0,Accelerator Defective,Unspecified,4881722,Pick-up Truck,Station Wagon/Sport Utility Vehicle
2026-02-20T00:00:00.000,17:04,MANHATTAN,10013,40.718456,-73.99481,"{'latitude': '40.718456', 'longitude': '-73.99481', 'human_address': '{""address"": """", ""city"": """", ""state"": """", ""zip"": """"}'}",BOWERY,GRAND ST,0,0,0,0,0,0,0,0,Driver Inexperience,,4882806,Station Wagon/Sport Utility Vehicle,Station Wagon/Sport Utility Vehicle
2026-02-20T00:00:00.000,21:58,,,40.725792,-74.011024,"{'latitude': '40.725792', 'longitude': '-74.011024', 'human_address': '{""address"": """", ""city"": """", ""state"": """", ""zip"": """"}'}",WEST ST,CANAL ST,0,0,0,0,0,0,0,0,Unspecified,Unspecified,4880708,Taxi,Taxi
2026-02-20T00:00:00.000,13:20,MANHATTAN,10002,40.721947,-73.99208,"{'latitude': '40.721947', 'longitude': '-73.99208', 'human_address': '{""address"": """", ""city"": """", ""state"": """", ""zip"": """"}'}",,,0,0,0,0,0,0,0,0,Passing Too Closely,Unspecified,4880527,Station Wagon/Sport Utility Vehicle,
2026-02-19T00:00:00.000,15:33,MANHATTAN,10012,40.727287,-74.00063,"{'latitude': '40.727287', 'longitude': '-74.00063', 'human_address': '{""address"": """", ""city"": """", ""state"": """", ""zip"": """"}'}",THOMPSON ST,W HOUSTON ST,0,0,0,0,0,0,0,0,Unspecified,,4880612,Station Wagon/Sport Utility Vehicle,
2026-02-18T00:00:00.000,20:00,MANHATTAN,10012,40.72211,-73.99642,"{'latitude': '40.72211', 'longitude': '-73.99642', 'human_address': '{""address"": """", ""city"": """", ""state"": """", ""zip"": """"}'}",,,0,0,0,0,0,0,0,0,Passing or Lane Usage Improper,Unspecified,4881593,Convertible,Sanitation
2026-02-18T00:00:00.000,17:40,MANHATTAN,10012,40.721794,-73.999855,"{'latitude': '40.721794', 'longitude': '-73.999855', 'human_address': '{""address"": """", ""city"": """", ""state"": """", ""zip"": """"}'}",BROADWAY,BROOME ST,1,0,0,0,1,0,0,0,Unspecified,Unspecified,4880026,mta bus,E-Bike
2026-02-18T00:00:00.000,14:21,MANHATTAN,10012,40.725433,-73.99677,"{'latitude': '40.725433', 'longitude': '-73.99677', 'human_address': '{""address"": """", ""city"": """", ""state"": """", ""zip"": """"}'}",E HOUSTON ST,BROADWAY,1,0,0,0,0,0,1,0,Reaction to Uninvolved Vehicle,Unspecified,4880069,Sedan,Sedan
2026-02-18T00:00:00.000,10:40,MANHATTAN,10013,40.717663,-74.00754,"{'latitude': '40.717663', 'longitude': '-74.00754', 'human_address': '{""address"": """", ""city"": """", ""state"": """", ""zip"": """"}'}",W BROADWAY,WORTH ST,1,0,1,0,0,0,0,0,Pedestrian/Bicyclist/Other Pedestrian Error/Confusion,,4879842,Station Wagon/Sport Utility Vehicle,
2026-02-17T00:00:00.000,9:56,MANHATTAN,10012,40.725006,-73.999344,"{'latitude': '40.725006', 'longitude': '-73.999344', 'human_address': '{""address"": """", ""city"": """", ""state"": """", ""zip"": """"}'}",PRINCE ST,GREENE ST,1,0,0,0,1,0,0,0,Following Too Closely,Unspecified,4879844,Van,Bike
2026-02-17T00:00:00.000,12:25,MANHATTAN,10013,40.722168,-74.00906,"{'latitude': '40.722168', 'longitude': '-74.00906', 'human_address': '{""address"": """", ""city"": """", ""state"": """", ""zip"": """"}'}",,,0,0,0,0,0,0,0,0,Driver Inattention/Distraction,,4880011,Station Wagon/Sport Utility Vehicle,
2026-02-17T00:00:00.000,11:45,MANHATTAN,10013,40.717678,-74.005775,"{'latitude': '40.717678', 'longitude': '-74.005775', 'human_address': '{""address"": """", ""city"": """", ""state"": """", ""zip"": """"}'}",CHURCH ST,LEONARD ST,1,0,0,0,1,0,0,0,Following Too Closely,Driver Inattention/Distraction,4879845,Bike,Sedan
2026-02-16T00:00:00.000,16:20,MANHATTAN,10013,40.719193,-73.99984,"{'latitude': '40.719193', 'longitude': '-73.99984', 'human_address': '{""address"": """", ""city"": """", ""state"": """", ""zip"": """"}'}",LAFAYETTE ST,HOWARD ST,0,0,0,0,0,0,0,0,Unspecified,,4880379,Station Wagon/Sport Utility Vehicle,
2026-02-16T00:00:00.000,0:00,MANHATTAN,10012,40.724075,-74.00251,"{'latitude': '40.724075', 'longitude': '-74.00251', 'human_address': '{""address"": """", ""city"": """", ""state"": """", ""zip"": """"}'}",,,0,0,0,0,0,0,0,0,Driver Inattention/Distraction,Unspecified,4880025,Station Wagon/Sport Utility Vehicle,Sedan
2026-02-16T00:00:00.000,18:50,MANHATTAN,10012,40.724243,-74.004105,"{'latitude': '40.724243', 'longitude': '-74.004105', 'human_address': '{""address"": """", ""city"": """", ""state"": """", ""zip"": """"}'}",,,1,0,0,0,1,0,0,0,Driver Inattention/Distraction,Unspecified,4879540,Station Wagon/Sport Utility Vehicle,E-Bike
2026-02-15T00:00:00.000,4:15,MANHATTAN,10012,40.72032,-73.99404,"{'latitude': '40.72032', 'longitude': '-73.99404', 'human_address': '{""address"": """", ""city"": """", ""state"": """", ""zip"": """"}'}",BOWERY,DELANCEY ST,1,0,0,0,0,0,1,0,Aggressive Driving/Road Rage,Unspecified,4879543,Taxi,Taxi
2026-02-15T00:00:00.000,0:58,MANHATTAN,10013,40.71816,-73.99793,"{'latitude': '40.71816', 'longitude': '-73.99793', 'human_address': '{""address"": """", ""city"": """", ""state"": """", ""zip"": """"}'}",MULBERRY ST,HESTER ST,0,0,0,0,0,0,0,0,Passing Too Closely,Unspecified,4879121,Sedan,
2026-02-14T00:00:00.000,19:00,MANHATTAN,10013,40.71767,-73.99836,"{'latitude': '40.71767', 'longitude': '-73.99836', 'human_address': '{""address"": """", ""city"": """", ""state"": """", ""zip"": """"}'}",,,0,0,0,0,0,0,0,0,Unsafe Speed,Unspecified,4883387,Chassis Cab,Sedan
2026-02-14T00:00:00.000,11:24,MANHATTAN,10012,40.721706,-73.99807,"{'latitude': '40.721706', 'longitude': '-73.99807', 'human_address': '{""address"": """", ""city"": """", ""state"": """", ""zip"": """"}'}",,,0,0,0,0,0,0,0,0,Pavement Defective,Unspecified,4880948,Box Truck,Van
2026-02-13T00:00:00.000,19:12,MANHATTAN,10012,40.72309,-74.000854,"{'latitude': '40.72309', 'longitude': '-74.000854', 'human_address': '{""address"": """", ""city"": """", ""state"": """", ""zip"": """"}'}",,,0,0,0,0,0,0,0,0,Unspecified,,4879221,Convertible,Box Truck
2026-02-13T00:00:00.000,17:57,MANHATTAN,10013,40.72345,-74.00383,"{'latitude': '40.72345', 'longitude': '-74.00383', 'human_address': '{""address"": """", ""city"": """", ""state"": """", ""zip"": """"}'}",THOMPSON ST,WATTS ST,0,0,0,0,0,0,0,0,Passing Too Closely,Passing Too Closely,4879223,Van,Sedan
2026-02-13T00:00:00.000,19:29,MANHATTAN,10002,40.717625,-73.99249,"{'latitude': '40.717625', 'longitude': '-73.99249', 'human_address': '{""address"": """", ""city"": """", ""state"": """", ""zip"": """"}'}",,,0,0,0,0,0,0,0,0,Driver Inattention/Distraction,Unspecified,4878978,Box Truck,Taxi
2026-02-12T00:00:00.000,14:00,MANHATTAN,10012,40.72419,-74.00207,"{'latitude': '40.72419', 'longitude': '-74.00207', 'human_address': '{""address"": """", ""city"": """", ""state"": """", ""zip"": """"}'}",,,1,0,0,0,1,0,0,0,Driver Inattention/Distraction,Unspecified,4879309,Bike,Box Truck
2026-02-12T00:00:00.000,15:38,MANHATTAN,10013,40.72038,-74.007065,"{'latitude': '40.72038', 'longitude': '-74.007065', 'human_address': '{""address"": """", ""city"": """", ""state"": """", ""zip"": """"}'}",,,0,0,0,0,0,0,0,0,Driver Inattention/Distraction,Unspecified,4878707,Sedan,Sedan
2026-02-12T00:00:00.000,13:48,MANHATTAN,10013,40.72199,-74.004295,"{'latitude': '40.72199', 'longitude': '-74.004295', 'human_address': '{""address"": """", ""city"": """", ""state"": """", ""zip"": """"}'}",,,1,0,0,0,1,0,0,0,Unspecified,Unspecified,4878700,Bike,Sedan
2026-02-11T00:00:00.000,4:39,MANHATTAN,10012,40.72528,-73.99382,"{'latitude': '40.72528', 'longitude': '-73.99382', 'human_address': '{""address"": """", ""city"": """", ""state"": """", ""zip"": """"}'}",,,0,0,0,0,0,0,0,0,Passing Too Closely,Unspecified,4880115,Sedan,Box Truck
2026-02-10T00:00:00.000,16:20,MANHATTAN,10012,40.725006,-73.999344,"{'latitude': '40.725006', 'longitude': '-73.999344', 'human_address': '{""address"": """", ""city"": """", ""state"": """", ""zip"": """"}'}",PRINCE ST,GREENE ST,1,0,1,0,0,0,0,0,Unspecified,,4878224,Station Wagon/Sport Utility Vehicle,
2026-02-08T00:00:00.000,11:46,,,40.72225,-74.00591,"{'latitude': '40.72225', 'longitude': '-74.00591', 'human_address': '{""address"": """", ""city"": """", ""state"": """", ""zip"": """"}'}",CANAL ST,AVENUE OF THE AMERICAS,0,0,0,0,0,0,0,0,Driver Inattention/Distraction,Unspecified,4877608,Station Wagon/Sport Utility Vehicle,Station Wagon/Sport Utility Vehicle
2026-02-07T00:00:00.000,0:49,MANHATTAN,10012,40.726234,-73.99952,"{'latitude': '40.726234', 'longitude': '-73.99952', 'human_address': '{""address"": """", ""city"": """", ""state"": """", ""zip"": """"}'}",,,0,0,0,0,0,0,0,0,Oversized Vehicle,Other Vehicular,4877313,Garbage or Refuse,Station Wagon/Sport Utility Vehicle
2026-02-07T00:00:00.000,10:45,MANHATTAN,10013,40.71843,-74.000534,"{'latitude': '40.71843', 'longitude': '-74.000534', 'human_address': '{""address"": """", ""city"": """", ""state"": """", ""zip"": """"}'}",CANAL ST,LAFAYETTE ST,0,0,0,0,0,0,0,0,Unspecified,,4877722,Sedan,
2026-02-07T00:00:00.000,16:00,MANHATTAN,10013,40.718754,-74.010956,"{'latitude': '40.718754', 'longitude': '-74.010956', 'human_address': '{""address"": """", ""city"": """", ""state"": """", ""zip"": """"}'}",,,0,0,0,0,0,0,0,0,Unspecified,Unspecified,4878234,Station Wagon/Sport Utility Vehicle,
2026-02-06T00:00:00.000,13:49,MANHATTAN,10012,40.72729,-73.99364,"{'latitude': '40.72729', 'longitude': '-73.99364', 'human_address': '{""address"": """", ""city"": """", ""state"": """", ""zip"": """"}'}",GREAT JONES ST,LAFAYETTE ST,2,0,0,0,0,0,2,0,Reaction to Uninvolved Vehicle,Unspecified,4877173,Sedan,Station Wagon/Sport Utility Vehicle
2026-02-06T00:00:00.000,0:06,MANHATTAN,10013,40.71843,-74.000534,"{'latitude': '40.71843', 'longitude': '-74.000534', 'human_address': '{""address"": """", ""city"": """", ""state"": """", ""zip"": """"}'}",CANAL ST,LAFAYETTE ST,1,0,0,0,0,0,1,0,Unspecified,,4877723,Sedan,
2026-02-06T00:00:00.000,23:50,MANHATTAN,10002,40.71997,-73.9929,"{'latitude': '40.71997', 'longitude': '-73.9929', 'human_address': '{""address"": """", ""city"": """", ""state"": """", ""zip"": """"}'}",DELANCEY ST,CHRYSTIE ST,2,0,0,0,0,0,2,0,Alcohol Involvement,Unspecified,4877724,Pick-up Truck,Sedan
2026-02-05T00:00:00.000,13:35,MANHATTAN,10013,40.71766,-74.002075,"{'latitude': '40.71766', 'longitude': '-74.002075', 'human_address': '{""address"": """", ""city"": """", ""state"": """", ""zip"": """"}'}",,,0,0,0,0,0,0,0,0,Driver Inattention/Distraction,Unspecified,4878228,Station Wagon/Sport Utility Vehicle,Van
2026-02-05T00:00:00.000,13:35,MANHATTAN,10013,40.719395,-74.001884,"{'latitude': '40.719395', 'longitude': '-74.001884', 'human_address': '{""address"": """", ""city"": """", ""state"": """", ""zip"": """"}'}",CANAL ST,BROADWAY,0,0,0,0,0,0,0,0,Passing or Lane Usage Improper,Unspecified,4877607,Station Wagon/Sport Utility Vehicle,Box Truck
2026-02-04T00:00:00.000,7:42,MANHATTAN,10012,40.725002,-73.99841,"{'latitude': '40.725002', 'longitude': '-73.99841', 'human_address': '{""address"": """", ""city"": """", ""state"": """", ""zip"": """"}'}",,,0,0,0,0,0,0,0,0,Driver Inattention/Distraction,Unspecified,4877606,Station Wagon/Sport Utility Vehicle,
2026-02-03T00:00:00.000,10:25,MANHATTAN,10012,40.721962,-73.99991,"{'latitude': '40.721962', 'longitude': '-73.99991', 'human_address': '{""address"": """", ""city"": """", ""state"": """", ""zip"": """"}'}",,,0,0,0,0,0,0,0,0,Obstruction/Debris,,4877791,Station Wagon/Sport Utility Vehicle,
2026-02-03T00:00:00.000,9:30,MANHATTAN,10013,40.71777,-73.99656,"{'latitude': '40.71777', 'longitude': '-73.99656', 'human_address': '{""address"": """", ""city"": """", ""state"": """", ""zip"": """"}'}",,,0,0,0,0,0,0,0,0,Driver Inexperience,,4877726,Sedan,
2026-02-03T00:00:00.000,12:40,MANHATTAN,10013,40.724823,-74.00793,"{'latitude': '40.724823', 'longitude': '-74.00793', 'human_address': '{""address"": """", ""city"": """", ""state"": """", ""zip"": """"}'}",,,0,0,0,0,0,0,0,0,Unsafe Lane Changing,Unspecified,4877304,Station Wagon/Sport Utility Vehicle,Box Truck
2026-02-02T00:00:00.000,15:28,MANHATTAN,10013,40.719402,-74.006386,"{'latitude': '40.719402', 'longitude': '-74.006386', 'human_address': '{""address"": """", ""city"": """", ""state"": """", ""zip"": """"}'}",,,0,0,0,0,0,0,0,0,Passing Too Closely,Unspecified,4876303,Sedan,Van
2026-02-01T00:00:00.000,17:37,MANHATTAN,10012,40.725033,-73.99311,"{'latitude': '40.725033', 'longitude': '-73.99311', 'human_address': '{""address"": """", ""city"": """", ""state"": """", ""zip"": """"}'}",,,0,0,0,0,0,0,0,0,Driver Inattention/Distraction,Unspecified,4875587,Sedan,Station Wagon/Sport Utility Vehicle
2026-01-31T00:00:00.000,18:28,MANHATTAN,10013,40.718777,-73.9957,"{'latitude': '40.718777', 'longitude': '-73.9957', 'human_address': '{""address"": """", ""city"": """", ""state"": """", ""zip"": """"}'}",ELIZABETH ST,GRAND ST,2,0,2,0,0,0,0,0,Pedestrian/Bicyclist/Other Pedestrian Error/Confusion,,4875597,Station Wagon/Sport Utility Vehicle,
2026-01-31T00:00:00.000,15:50,MANHATTAN,10012,40.72472,-73.99324,"{'latitude': '40.72472', 'longitude': '-73.99324', 'human_address': '{""address"": """", ""city"": """", ""state"": """", ""zip"": """"}'}",,,0,0,0,0,0,0,0,0,Other Vehicular,Other Vehicular,4875472,Sedan,
2026-01-31T00:00:00.000,19:00,MANHATTAN,10002,40.71847,-73.9945,"{'latitude': '40.71847', 'longitude': '-73.9945', 'human_address': '{""address"": """", ""city"": """", ""state"": """", ""zip"": """"}'}",,,0,0,0,0,0,0,0,0,Driver Inattention/Distraction,Unspecified,4875767,Station Wagon/Sport Utility Vehicle,Sedan
2026-01-30T00:00:00.000,9:50,MANHATTAN,10013,40.71827,-74.00705,"{'latitude': '40.71827', 'longitude': '-74.00705', 'human_address': '{""address"": """", ""city"": """", ""state"": """", ""zip"": """"}'}",W BROADWAY,LEONARD ST,0,0,0,0,0,0,0,0,Driver Inattention/Distraction,Unspecified,4874924,Station Wagon/Sport Utility Vehicle,Station Wagon/Sport Utility Vehicle
2026-01-28T00:00:00.000,18:30,MANHATTAN,10013,40.719162,-74.00491,"{'latitude': '40.719162', 'longitude': '-74.00491', 'human_address': '{""address"": """", ""city"": """", ""state"": """", ""zip"": """"}'}",,,0,0,0,0,0,0,0,0,Unspecified,,4877613,Sedan,
2026-01-28T00:00:00.000,16:20,MANHATTAN,10012,40.72169,-73.99582,"{'latitude': '40.72169', 'longitude': '-73.99582', 'human_address': '{""address"": """", ""city"": """", ""state"": """", ""zip"": """"}'}",,,0,0,0,0,0,0,0,0,Driver Inexperience,Unspecified,4874625,Station Wagon/Sport Utility Vehicle,Garbage or Refuse
2026-01-25T00:00:00.000,7:43,MANHATTAN,10012,40.72038,-73.99458,"{'latitude': '40.72038', 'longitude': '-73.99458', 'human_address': '{""address"": """", ""city"": """", ""state"": """", ""zip"": """"}'}",,,1,0,0,0,0,0,1,0,Tow Hitch Defective,Driver Inexperience,4873816,Tow Truck / Wrecker,Pick-up Truck
2026-01-24T00:00:00.000,3:38,MANHATTAN,10013,40.721638,-74.011894,"{'latitude': '40.721638', 'longitude': '-74.011894', 'human_address': '{""address"": """", ""city"": """", ""state"": """", ""zip"": """"}'}",WEST ST,HUBERT ST,2,0,0,0,0,0,2,0,Unspecified,Unspecified,4873788,Sedan,
2026-01-24T00:00:00.000,1:07,,,40.7237,-74.00791,"{'latitude': '40.7237', 'longitude': '-74.00791', 'human_address': '{""address"": """", ""city"": """", ""state"": """", ""zip"": """"}'}",CANAL ST,HUDSON ST,0,0,0,0,0,0,0,0,Driver Inattention/Distraction,Unspecified,4875326,Sedan,Station Wagon/Sport Utility Vehicle
2026-01-24T00:00:00.000,18:30,MANHATTAN,10012,40.72289,-73.9958,"{'latitude': '40.72289', 'longitude': '-73.9958', 'human_address': '{""address"": """", ""city"": """", ""state"": """", ""zip"": """"}'}",,,0,0,0,0,0,0,0,0,Unspecified,,4874176,Sedan,
2026-01-22T00:00:00.000,14:23,MANHATTAN,10013,40.724403,-74.00604,"{'latitude': '40.724403', 'longitude': '-74.00604', 'human_address': '{""address"": """", ""city"": """", ""state"": """", ""zip"": """"}'}",VARICK ST,BROOME ST,0,0,0,0,0,0,0,0,Illnes,Unspecified,4873856,Taxi,Sedan
2026-01-21T00:00:00.000,14:45,MANHATTAN,10002,40.71997,-73.9929,"{'latitude': '40.71997', 'longitude': '-73.9929', 'human_address': '{""address"": """", ""city"": """", ""state"": """", ""zip"": """"}'}",DELANCEY ST,CHRYSTIE ST,1,0,0,0,1,0,0,0,Driver Inexperience,Unspecified,4873176,E-Bike,Sedan
2026-01-21T00:00:00.000,13:57,,,40.7237,-74.00791,"{'latitude': '40.7237', 'longitude': '-74.00791', 'human_address': '{""address"": """", ""city"": """", ""state"": """", ""zip"": """"}'}",CANAL ST,HUDSON ST,1,0,0,0,1,0,0,0,Pedestrian/Bicyclist/Other Pedestrian Error/Confusion,Pedestrian/Bicyclist/Other Pedestrian Error/Confusion,4873855,E-Bike,
2026-01-21T00:00:00.000,17:15,MANHATTAN,10012,40.726765,-73.995834,"{'latitude': '40.726765', 'longitude': '-73.995834', 'human_address': '{""address"": """", ""city"": """", ""state"": """", ""zip"": """"}'}",,,0,0,0,0,0,0,0,0,Unspecified,,4873331,Taxi,
2026-01-21T00:00:00.000,12:25,MANHATTAN,10013,40.71864,-73.99904,"{'latitude': '40.71864', 'longitude': '-73.99904', 'human_address': '{""address"": """", ""city"": """", ""state"": """", ""zip"": """"}'}",,,0,0,0,0,0,0,0,0,Driver Inexperience,Unspecified,4873194,Sedan,Station Wagon/Sport Utility Vehicle
2026-01-20T00:00:00.000,13:37,MANHATTAN,10013,40.72197,-74.00823,"{'latitude': '40.72197', 'longitude': '-74.00823', 'human_address': '{""address"": """", ""city"": """", ""state"": """", ""zip"": """"}'}",LAIGHT ST,HUDSON ST,0,0,0,0,0,0,0,0,Unspecified,Unspecified,4872956,Station Wagon/Sport Utility Vehicle,Pick-up Truck
